-- Sync CSV to Postgres
BEGIN;
TRUNCATE TABLE starting_styles CASCADE;
TRUNCATE TABLE font_palette_values CASCADE;
TRUNCATE TABLE font_feature_values CASCADE;
TRUNCATE TABLE counter_styles CASCADE;
TRUNCATE TABLE pages CASCADE;
TRUNCATE TABLE imports CASCADE;
TRUNCATE TABLE raw_blocks CASCADE;
TRUNCATE TABLE keyframes CASCADE;
TRUNCATE TABLE font_faces CASCADE;
TRUNCATE TABLE properties CASCADE;
TRUNCATE TABLE styles CASCADE;
TRUNCATE TABLE layers CASCADE;
TRUNCATE TABLE selectors CASCADE;
TRUNCATE TABLE tokens CASCADE;
TRUNCATE TABLE migrations CASCADE;

INSERT INTO migrations (migration_id, direction, checksum, applied_at, duration_ms, status) VALUES ('001_init', 'up', 'de3be4e561190bc1d582218567eb336ede4b48ec', '2025-10-18T19:06:13.130Z', '6', 'ok');
INSERT INTO migrations (migration_id, direction, checksum, applied_at, duration_ms, status) VALUES ('20251018192449__supports_mix', 'up', '91b00fced002335892e7e13f35dfb5da4f856abf', '2025-10-18T19:25:10.701Z', '6', 'ok');
INSERT INTO migrations (migration_id, direction, checksum, applied_at, duration_ms, status) VALUES ('20251018194435__test_comprehensive', 'up', '0657784e27106b34b680ce8692417334c13d56d1', '2025-10-18T19:45:17.507Z', '8', 'ok');
INSERT INTO tokens (id, name, value, source_file, created_in_migration, deleted_at) VALUES ('1e6eecff-70dc-5320-b0a9-09821b659910', 'brand/500', '#2266ee', '/Users/cody/projects/notcss/icbincss/migrations/up/001_init.sql', '001_init', NULL);
INSERT INTO tokens (id, name, value, source_file, created_in_migration, deleted_at) VALUES ('24ccc119-9836-5c45-a659-b8076a8e8b43', 'space/4', '16px', '/Users/cody/projects/notcss/icbincss/migrations/up/001_init.sql', '001_init', NULL);
INSERT INTO tokens (id, name, value, source_file, created_in_migration, deleted_at) VALUES ('cd82bc1d-1e2d-56f2-b36e-2ed8a2ecb215', 'accent/red', '#ff4444', '/Users/cody/projects/notcss/icbincss/migrations/up/20251018194435__test_comprehensive.sql', '20251018194435__test_comprehensive', NULL);
INSERT INTO tokens (id, name, value, source_file, created_in_migration, deleted_at) VALUES ('6a51374c-4d86-5767-9840-f25c54192da7', 'spacing/lg', '32px', '/Users/cody/projects/notcss/icbincss/migrations/up/20251018194435__test_comprehensive.sql', '20251018194435__test_comprehensive', NULL);
INSERT INTO selectors (id, name, def_json, source_file, created_at, updated_at, created_in_migration, deleted_at) VALUES ('a91d6bae-525e-55ff-a18f-9e839a390c6f', 'card', '{"kind":"Class","value":"card"}', '/Users/cody/projects/notcss/icbincss/migrations/up/001_init.sql', '2025-10-18T19:06:13.128Z', '2025-10-18T19:06:13.128Z', '001_init', NULL);
INSERT INTO selectors (id, name, def_json, source_file, created_at, updated_at, created_in_migration, deleted_at) VALUES ('c200aa63-ca83-5251-97c9-55b9ef192091', 'btn', '{"kind":"And","selectors":[{"kind":"Element","value":"button"},{"kind":"Class","value":"primary"}]}', '/Users/cody/projects/notcss/icbincss/migrations/up/001_init.sql', '2025-10-18T19:06:13.128Z', '2025-10-18T19:06:13.128Z', '001_init', NULL);
INSERT INTO selectors (id, name, def_json, source_file, created_at, updated_at, created_in_migration, deleted_at) VALUES ('ff101658-38ea-58bd-a2b1-1f46f8de6063', 'hero', '{"kind":"Class","value":"hero"}', '/Users/cody/projects/notcss/icbincss/migrations/up/20251018194435__test_comprehensive.sql', '2025-10-18T19:45:17.503Z', '2025-10-18T19:45:17.504Z', '20251018194435__test_comprehensive', NULL);
INSERT INTO selectors (id, name, def_json, source_file, created_at, updated_at, created_in_migration, deleted_at) VALUES ('1a003e62-3c20-5909-8a44-c5a22bacc041', 'hero_title', '{"kind":"Child","parent":{"kind":"Ref","name":"hero"},"child":{"kind":"Element","value":"h1"}}', '/Users/cody/projects/notcss/icbincss/migrations/up/20251018194435__test_comprehensive.sql', '2025-10-18T19:45:17.504Z', '2025-10-18T19:45:17.504Z', '20251018194435__test_comprehensive', NULL);
INSERT INTO styles (id, selector_id, layer_id, scope_root_id, scope_limit_id, prop, value, resp_kind, resp_min, resp_max, resp_axis, container_name, condition, supports_condition, origin_file, migration_id) VALUES ('0c5cc550-0c74-551c-ba99-c4abaa7e8a1c', 'a91d6bae-525e-55ff-a18f-9e839a390c6f', NULL, NULL, NULL, 'background', '#fff', NULL, NULL, NULL, NULL, NULL, NULL, NULL, '/Users/cody/projects/notcss/icbincss/migrations/up/001_init.sql', '001_init');
INSERT INTO styles (id, selector_id, layer_id, scope_root_id, scope_limit_id, prop, value, resp_kind, resp_min, resp_max, resp_axis, container_name, condition, supports_condition, origin_file, migration_id) VALUES ('2044a995-ecf2-597c-887d-fe1380ca85ac', 'a91d6bae-525e-55ff-a18f-9e839a390c6f', NULL, NULL, NULL, 'padding', 'token(''space/4'')', NULL, NULL, NULL, NULL, NULL, NULL, NULL, '/Users/cody/projects/notcss/icbincss/migrations/up/001_init.sql', '001_init');
INSERT INTO styles (id, selector_id, layer_id, scope_root_id, scope_limit_id, prop, value, resp_kind, resp_min, resp_max, resp_axis, container_name, condition, supports_condition, origin_file, migration_id) VALUES ('f422733c-4b87-569a-93c3-e3d9838d181c', 'c200aa63-ca83-5251-97c9-55b9ef192091', NULL, NULL, NULL, 'background', 'token(''brand/500'')', NULL, NULL, NULL, NULL, NULL, NULL, NULL, '/Users/cody/projects/notcss/icbincss/migrations/up/001_init.sql', '001_init');
INSERT INTO styles (id, selector_id, layer_id, scope_root_id, scope_limit_id, prop, value, resp_kind, resp_min, resp_max, resp_axis, container_name, condition, supports_condition, origin_file, migration_id) VALUES ('a3e138ef-7ceb-5ad7-afcd-7a506b01683d', 'c200aa63-ca83-5251-97c9-55b9ef192091', NULL, NULL, NULL, 'color', '#fff', NULL, NULL, NULL, NULL, NULL, NULL, NULL, '/Users/cody/projects/notcss/icbincss/migrations/up/001_init.sql', '001_init');
INSERT INTO styles (id, selector_id, layer_id, scope_root_id, scope_limit_id, prop, value, resp_kind, resp_min, resp_max, resp_axis, container_name, condition, supports_condition, origin_file, migration_id) VALUES ('7f82d9d1-d0dc-52b5-9bdb-37c59132ec4f', 'a91d6bae-525e-55ff-a18f-9e839a390c6f', NULL, NULL, NULL, 'display', 'grid', 'media', '768px', NULL, NULL, NULL, NULL, '(display: grid)', '/Users/cody/projects/notcss/icbincss/migrations/up/20251018192449__supports_mix.sql', '20251018192449__supports_mix');
INSERT INTO styles (id, selector_id, layer_id, scope_root_id, scope_limit_id, prop, value, resp_kind, resp_min, resp_max, resp_axis, container_name, condition, supports_condition, origin_file, migration_id) VALUES ('f568fae6-6d2a-5ba5-a8c4-1999a5b47413', 'ff101658-38ea-58bd-a2b1-1f46f8de6063', NULL, NULL, NULL, 'background', 'token(''accent/red'')', NULL, NULL, NULL, NULL, NULL, NULL, NULL, '/Users/cody/projects/notcss/icbincss/migrations/up/20251018194435__test_comprehensive.sql', '20251018194435__test_comprehensive');
INSERT INTO styles (id, selector_id, layer_id, scope_root_id, scope_limit_id, prop, value, resp_kind, resp_min, resp_max, resp_axis, container_name, condition, supports_condition, origin_file, migration_id) VALUES ('374f6b34-47ec-592e-8cfe-38013477d316', 'ff101658-38ea-58bd-a2b1-1f46f8de6063', NULL, NULL, NULL, 'padding', 'token(''spacing/lg'')', NULL, NULL, NULL, NULL, NULL, NULL, NULL, '/Users/cody/projects/notcss/icbincss/migrations/up/20251018194435__test_comprehensive.sql', '20251018194435__test_comprehensive');
INSERT INTO styles (id, selector_id, layer_id, scope_root_id, scope_limit_id, prop, value, resp_kind, resp_min, resp_max, resp_axis, container_name, condition, supports_condition, origin_file, migration_id) VALUES ('ea674819-b30b-5531-89de-6f178c93528b', 'ff101658-38ea-58bd-a2b1-1f46f8de6063', NULL, NULL, NULL, 'color', 'white', NULL, NULL, NULL, NULL, NULL, NULL, NULL, '/Users/cody/projects/notcss/icbincss/migrations/up/20251018194435__test_comprehensive.sql', '20251018194435__test_comprehensive');
INSERT INTO styles (id, selector_id, layer_id, scope_root_id, scope_limit_id, prop, value, resp_kind, resp_min, resp_max, resp_axis, container_name, condition, supports_condition, origin_file, migration_id) VALUES ('84f17916-aa44-5d7b-a5cf-2428fe3622f5', '1a003e62-3c20-5909-8a44-c5a22bacc041', NULL, NULL, NULL, 'font_size', '48px', NULL, NULL, NULL, NULL, NULL, NULL, NULL, '/Users/cody/projects/notcss/icbincss/migrations/up/20251018194435__test_comprehensive.sql', '20251018194435__test_comprehensive');
INSERT INTO styles (id, selector_id, layer_id, scope_root_id, scope_limit_id, prop, value, resp_kind, resp_min, resp_max, resp_axis, container_name, condition, supports_condition, origin_file, migration_id) VALUES ('bb3ae075-db5c-5d6d-96c0-72251ed80f8a', '1a003e62-3c20-5909-8a44-c5a22bacc041', NULL, NULL, NULL, 'font_weight', 'bold', NULL, NULL, NULL, NULL, NULL, NULL, NULL, '/Users/cody/projects/notcss/icbincss/migrations/up/20251018194435__test_comprehensive.sql', '20251018194435__test_comprehensive');
INSERT INTO styles (id, selector_id, layer_id, scope_root_id, scope_limit_id, prop, value, resp_kind, resp_min, resp_max, resp_axis, container_name, condition, supports_condition, origin_file, migration_id) VALUES ('b7f93850-dec5-5026-b543-d258a8eed246', 'ff101658-38ea-58bd-a2b1-1f46f8de6063', NULL, NULL, NULL, 'padding', '64px', 'media', '1024px', NULL, NULL, NULL, NULL, NULL, '/Users/cody/projects/notcss/icbincss/migrations/up/20251018194435__test_comprehensive.sql', '20251018194435__test_comprehensive');
INSERT INTO styles (id, selector_id, layer_id, scope_root_id, scope_limit_id, prop, value, resp_kind, resp_min, resp_max, resp_axis, container_name, condition, supports_condition, origin_file, migration_id) VALUES ('95780dff-f73c-579f-b5cc-272ffcea4ea5', 'ff101658-38ea-58bd-a2b1-1f46f8de6063', NULL, NULL, NULL, 'background', '#cc0000', 'container', '800px', NULL, NULL, 'main', NULL, NULL, '/Users/cody/projects/notcss/icbincss/migrations/up/20251018194435__test_comprehensive.sql', '20251018194435__test_comprehensive');
COMMIT;
